{
    "Name": "",
    "Class": 0,
    "male": true,
    "position": {
        "x": 146.52597045898438,
        "y": -1.1920928955078126e-7,
        "z": 205.77000427246095
    },
    "rotation": {
        "x": 0.0,
        "y": 154.37478637695313,
        "z": 0.0
    },
    "level": 1,
    "hp": 0,
    "timeStampInTicks": 638789336245971518,
    "quests": [
        {
            "id": 0,
            "states": [],
            "amounts": []
        }
    ],
    "inventoryContent": [],
    "savedUniqueEntities": [
        {
            "name": "1",
            "position": {
                "x": 147.0621337890625,
                "y": 0.10112861543893814,
                "z": 204.92588806152345
            },
            "rotation": {
                "x": 0.0,
                "y": -0.20629683136940003,
                "z": 0.0,
                "w": 0.9784895181655884
            }
        }
    ]
}